day,score_sum,score_mean,classifying_sentiments_title_sum,classifying_sentiments_title_mean,Close_mean,Volume_mean
2021-01-28,19641.0,338.63793103448273,-3.0,-0.05172413793103448,204.2144890344828,61200689.655172415
2021-01-29,302906.0,535.1696113074205,-47.0,-0.08303886925795052,204.74346838869073,58116178.79858657
2021-01-30,319377.0,3397.627659574468,-9.0,-0.09574468085106383,325.0,50566100.0
2021-01-31,243896.0,2622.537634408602,-5.0,-0.053763440860215055,,
2021-02-01,179067.0,2487.0416666666665,-7.0,-0.09722222222222222,225.0,37382200.0
2021-02-02,117880.0,1660.281690140845,-10.0,-0.14084507042253522,129.92957746478874,66115228.16901408
2021-02-03,383328.0,2839.4666666666667,-19.0,-0.14074074074074075,90.99970536296279,63463562.222222224
2021-02-04,52721.0,543.5154639175257,-7.0,-0.07216494845360824,60.319279051546395,58969675.25773196
2021-02-05,19039.0,117.5246913580247,-8.0,-0.04938271604938271,58.76179012345701,72119701.85185185
2021-02-06,57175.0,361.86708860759495,-13.0,-0.08227848101265822,63.77000000000015,81345000.0
2021-02-07,87457.0,2429.3611111111113,-2.0,-0.05555555555555555,,
2021-02-08,70443.0,3201.9545454545455,-5.0,-0.22727272727272727,60.0,25687300.0
2021-02-09,7272.0,606.0,-1.0,-0.08333333333333333,55.96250041666667,26168883.333333332
2021-02-10,108309.0,3868.1785714285716,-4.0,-0.14285714285714285,50.75500099999999,31649050.0
2021-02-11,53463.0,4112.538461538462,0.0,0.0,51.12307561538463,18456307.692307692
2021-02-12,10671.0,1778.5,1.0,0.16666666666666666,51.31666533333333,13309466.666666666
2021-02-13,46525.0,4229.545454545455,0.0,0.0,52.40000199999999,14573300.0
2021-02-14,9152.0,762.6666666666666,-1.0,-0.08333333333333333,,
2021-02-15,0.0,0.0,0.0,0.0,,
2021-02-16,0.0,0.0,0.0,0.0,49.509997999999996,8175000.0
2021-02-17,69484.0,11580.666666666666,-1.0,-0.16666666666666666,48.91499816666666,8343633.333333333
2021-02-18,18795.0,3759.0,0.0,0.0,44.889999,12147560.0
2021-02-19,4530.0,647.1428571428571,0.0,0.0,40.632856714285715,18754942.85714286
2021-02-20,13629.0,3407.25,0.0,0.0,40.59,14828200.0
2021-02-21,6114.0,873.4285714285714,-2.0,-0.2857142857142857,,
2021-02-22,23784.0,4756.8,0.0,0.0,46.0,19476000.0
2021-02-23,1878.0,268.2857142857143,-1.0,-0.14285714285714285,45.26428642857143,10968285.714285715
2021-02-24,5611.0,935.1666666666666,0.0,0.0,83.91999933333332,70520616.66666667
2021-02-25,52568.0,3092.235294117647,-4.0,-0.23529411764705882,108.73000299999995,150308800.0
2021-02-26,54241.0,1695.03125,0.0,0.0,104.79812518749999,117619337.5
2021-02-27,36495.0,2606.785714285714,0.0,0.0,101.739998,92194200.0
2021-02-28,19172.0,1742.909090909091,0.0,0.0,,
2021-03-01,6552.0,504.0,0.0,0.0,120.400002,49794000.0
2021-03-02,30558.0,2350.6153846153848,1.0,0.07692307692307693,119.37538569230772,42404307.692307696
2021-03-03,18771.0,721.9615384615385,1.0,0.038461538461538464,122.1030769230769,24296280.769230768
2021-03-04,28147.0,1223.7826086956522,0.0,0.0,127.02174121739138,23911465.217391305
2021-03-05,24305.0,1736.0714285714287,0.0,0.0,133.89000571428576,32071700.0
2021-03-06,21429.0,974.0454545454545,-1.0,-0.045454545454545456,137.740005,30733700.0
2021-03-07,13505.0,1350.5,-2.0,-0.2,,
2021-03-08,12355.0,1123.1818181818182,0.0,0.0,194.5,63565600.0
2021-03-09,12571.0,1571.375,0.0,0.0,207.59999849999997,57449025.0
2021-03-10,11971.0,665.0555555555555,1.0,0.05555555555555555,254.9444411111111,53530988.88888889
2021-03-11,111409.0,4284.961538461538,-4.0,-0.15384615384615385,263.0769230769231,54932869.23076923
2021-03-12,27913.0,2326.0833333333335,1.0,0.08333333333333333,261.5,27490300.0
2021-03-13,8436.0,1205.142857142857,0.0,0.0,264.5,25845900.0
2021-03-14,12391.0,1126.4545454545455,0.0,0.0,,
2021-03-15,1060.0,212.0,1.0,0.2,220.13999900000002,24100400.0
2021-03-16,47160.0,4716.0,-1.0,-0.1,210.56399820000001,33158400.0
2021-03-17,19114.0,1124.3529411764705,0.0,0.0,208.94176270588227,26509347.05882353
2021-03-18,63026.0,4848.153846153846,-1.0,-0.07692307692307693,204.84999923076924,13579015.384615384
2021-03-19,7458.0,932.25,0.0,0.0,201.1950015,16607050.0
2021-03-20,7585.0,758.5,0.0,0.0,200.270004,24677300.0
2021-03-21,8405.0,2101.25,0.0,0.0,,
2021-03-22,17419.0,3483.8,1.0,0.2,194.490005,10061500.0
2021-03-23,40401.0,6733.5,-1.0,-0.16666666666666666,192.36667083333336,10789433.333333334
2021-03-24,16486.0,1831.7777777777778,0.0,0.0,168.10333244444442,16595500.0
2021-03-25,3885.0,555.0,-1.0,-0.14285714285714285,147.51571200000004,35656928.571428575
2021-03-26,4139.0,827.8,0.0,0.0,182.1,42843340.0
2021-03-27,5135.0,1027.0,2.0,0.4,181.0,37430700.0
2021-03-29,355.0,355.0,0.0,0.0,181.300003,10042200.0
2021-03-30,119.0,119.0,0.0,0.0,194.46000700000002,17094900.0
2021-03-31,1430.0,1430.0,0.0,0.0,189.820007,8393800.0
2021-04-02,181.0,90.5,0.0,0.0,191.449997,9334300.0
2021-04-04,20257.0,10128.5,1.0,0.5,,
2021-04-05,20354.0,10177.0,0.0,0.0,186.949997,14070500.0
2021-04-06,267.0,133.5,0.0,0.0,186.949997,14070500.0
2021-04-07,2180.0,1090.0,0.0,0.0,177.970001,4768300.0
2021-04-09,1457.0,485.6666666666667,-1.0,-0.3333333333333333,162.32666566666668,9657400.0
2021-04-11,5941.0,1980.3333333333333,0.0,0.0,,
2021-04-14,32528.0,8132.0,0.0,0.0,147.3750035,10389700.0
2021-04-15,244.0,122.0,0.0,0.0,156.440002,7856800.0
2021-04-17,1244.0,1244.0,0.0,0.0,154.690002,5214700.0
2021-04-24,5662.0,2831.0,0.0,0.0,151.179993,4029100.0
2021-04-27,11898.0,3966.0,2.0,0.6666666666666666,168.929993,10532100.0
2021-05-06,0.0,0.0,0.0,0.0,159.479996,2805400.0
2021-05-10,0.0,0.0,0.0,0.0,,
2021-05-12,0.0,0.0,0.0,0.0,144.78999299999998,2731500.0
2021-05-14,16488.0,8244.0,0.0,0.0,159.919998,4293500.0
2021-05-18,11867.0,5933.5,1.0,0.5,180.635002,7600400.0
2021-05-22,0.0,0.0,0.0,0.0,,
2021-05-25,268.0,268.0,-1.0,-1.0,209.429993,14887500.0
2021-05-26,27276.0,6819.0,-1.0,-0.25,225.9949955,18003700.0
2021-05-27,9634.0,4817.0,0.0,0.0,248.3450015,18323100.0
2021-05-28,52.0,52.0,0.0,0.0,222.0,11751400.0
2021-05-30,9839.0,4919.5,-1.0,-0.5,,
2021-06-10,2604.0,868.0,0.0,0.0,247.77999866666667,19796566.666666668
2021-06-11,638.0,319.0,0.0,0.0,220.38999900000002,22980200.0
2021-06-12,3000.0,600.0,1.0,0.2,233.33999599999999,15580800.0
2021-06-15,1471.0,1471.0,0.0,0.0,229.440002,7132600.0
2021-06-16,574.0,574.0,0.0,0.0,222.5,7301900.0
2021-06-17,1102.0,1102.0,0.0,0.0,222.97000099999997,5564800.0
2021-06-18,909.0,454.5,0.0,0.0,218.70500149999998,4464450.0
2021-06-19,492.0,246.0,0.0,0.0,213.82000699999998,4320300.0
2021-06-22,501.0,501.0,0.0,0.0,200.369995,5120200.0
2021-06-23,945.0,945.0,0.0,0.0,220.399994,8200200.0
2021-06-24,1293.0,646.5,0.0,0.0,212.309998,3863300.0
2021-06-25,545.0,545.0,0.0,0.0,209.509995,12692700.0
2021-06-26,309.0,309.0,0.0,0.0,209.509995,12692700.0
