,0,1,2,3,4
0,2021-07-15,3,1,5,-0.222
1,2021-07-14,5,2,2,0.722
2,2021-07-13,9,7,9,0.28
3,2021-07-12,7,1,13,-0.381
4,2021-07-10,0,0,1,-1.5
5,2021-07-09,4,1,3,0.313
6,2021-07-08,6,4,8,0.056
7,2021-07-07,4,1,6,-0.182
8,2021-07-06,6,1,3,0.55
9,2021-07-05,1,1,0,1.25
10,2021-07-04,1,0,0,1.5
11,2021-07-03,1,0,0,1.5
12,2021-07-02,17,11,5,0.879
13,2021-07-01,5,2,4,0.318
14,2021-06-30,8,3,0,1.364
15,2021-06-29,5,7,3,0.667
16,2021-06-28,4,4,11,-0.342
17,2021-06-27,1,0,2,-0.5
18,2021-06-26,2,0,5,-0.643
19,2021-06-25,6,4,1,1.045
20,2021-06-24,13,5,1,1.211
21,2021-06-23,14,1,1,1.281
22,2021-06-22,1,1,1,0.333
23,2021-06-21,7,1,1,1.111
24,2021-06-20,2,0,0,1.5
25,2021-06-19,0,0,1,-1.5
26,2021-06-18,2,1,3,-0.083
27,2021-06-17,6,3,2,0.818
28,2021-06-16,8,2,1,1.136
29,2021-06-15,3,1,1,0.8
30,2021-06-14,11,1,3,0.867
31,2021-06-13,7,1,0,1.438
32,2021-06-11,13,8,6,0.685
33,2021-06-10,6,5,0,1.273
34,2021-06-09,0,4,2,0.167
35,2021-06-08,11,5,2,1.028
36,2021-06-07,3,6,12,-0.357
37,2021-06-06,1,2,5,-0.5
38,2021-06-05,0,0,1,-1.5
39,2021-06-04,6,2,3,0.591
40,2021-06-03,3,6,18,-0.611
41,2021-06-02,6,7,21,-0.456
42,2021-06-01,5,2,13,-0.5
43,2021-05-31,0,0,2,-1.5
44,2021-05-30,0,1,0,1.0
45,2021-05-29,1,2,0,1.167
46,2021-05-28,3,2,4,0.056
47,2021-05-27,5,8,3,0.688
48,2021-05-26,5,12,4,0.643
49,2021-05-25,2,6,4,0.25
50,2021-05-24,7,1,6,0.179
51,2021-05-23,0,1,1,-0.25
52,2021-05-22,1,0,1,0.0
53,2021-05-21,9,4,3,0.813
54,2021-05-20,9,5,3,0.824
55,2021-05-19,6,7,6,0.368
56,2021-05-18,5,5,16,-0.442
57,2021-05-17,5,9,10,0.062
58,2021-05-16,1,0,6,-1.071
59,2021-05-15,2,3,1,0.75
60,2021-05-14,1,2,3,-0.167
61,2021-05-13,3,4,14,-0.595
62,2021-05-12,6,3,27,-0.792
63,2021-05-11,1,6,16,-0.717
64,2021-05-10,4,9,7,0.225
65,2021-05-07,4,6,4,0.429
66,2021-05-06,5,3,4,0.375
67,2021-05-05,4,1,1,0.917
68,2021-05-04,5,2,7,-0.071
69,2021-05-03,4,3,5,0.125
70,2021-05-02,1,2,1,0.5
71,2021-05-01,2,2,0,1.25
72,2021-04-30,3,4,1,0.875
73,2021-04-29,4,4,3,0.5
74,2021-04-28,6,3,10,-0.158
75,2021-04-27,14,9,18,0.073
76,2021-04-26,34,28,13,0.793
77,2021-04-25,4,2,0,1.333
78,2021-04-24,1,0,0,1.5
79,2021-04-23,1,12,5,0.333
80,2021-04-22,3,5,10,-0.306
81,2021-04-21,4,7,7,0.139
82,2021-04-20,4,5,14,-0.435
83,2021-04-19,4,6,30,-0.825
84,2021-04-18,1,1,9,-1.0
85,2021-04-16,1,4,2,0.357
86,2021-04-15,3,0,0,1.5
87,2021-04-14,6,3,1,1.05
88,2021-04-13,9,3,3,0.8
89,2021-04-12,11,3,0,1.393
90,2021-04-11,1,0,0,1.5
91,2021-04-09,3,5,4,0.292
92,2021-04-08,8,4,5,0.5
93,2021-04-07,8,4,2,0.929
94,2021-04-06,8,2,1,1.136
95,2021-04-05,28,3,3,1.191
96,2021-04-04,5,1,1,1.0
97,2021-04-03,2,0,3,-0.3
98,2021-04-02,14,4,0,1.389
99,2021-04-01,10,2,2,1.0
100,2021-03-31,9,2,1,1.167
101,2021-03-30,4,5,3,0.542
102,2021-03-29,3,7,5,0.267
103,2021-03-27,2,1,0,1.333
104,2021-03-26,2,4,1,0.786
105,2021-03-25,4,4,4,0.333
106,2021-03-24,22,6,6,0.882
107,2021-03-23,3,1,5,-0.222
108,2021-03-22,16,1,5,0.795
109,2021-03-20,3,1,3,0.143
110,2021-03-19,3,1,15,-0.895
111,2021-03-18,3,1,3,0.143
112,2021-03-17,1,1,6,-0.813
113,2021-03-16,2,2,4,-0.125
114,2021-03-15,7,18,6,0.629
115,2021-03-14,0,0,1,-1.5
116,2021-03-13,3,0,2,0.3
117,2021-03-12,6,6,11,-0.065
118,2021-03-11,7,7,3,0.765
119,2021-03-10,12,5,3,0.925
120,2021-03-09,27,9,2,1.224
121,2021-03-08,8,6,7,0.357
122,2021-03-07,3,3,3,0.333
123,2021-03-06,2,1,0,1.333
124,2021-03-05,11,7,5,0.696
125,2021-03-04,5,11,7,0.348
126,2021-03-03,8,5,2,0.933
127,2021-03-02,6,5,3,0.679
128,2021-03-01,6,1,2,0.778
129,2021-02-27,2,0,0,1.5
130,2021-02-26,1,5,4,0.05
131,2021-02-25,4,10,7,0.262
132,2021-02-24,8,2,3,0.731
133,2021-02-23,2,5,27,-0.956
134,2021-02-22,7,2,10,-0.132
135,2021-02-21,1,2,2,0.1
136,2021-02-20,1,0,0,1.5
137,2021-02-19,4,4,2,0.7
138,2021-02-18,4,10,3,0.676
139,2021-02-17,3,3,1,0.857
140,2021-02-16,8,9,2,0.947
141,2021-02-15,1,2,0,1.167
142,2021-02-14,0,2,0,1.0
143,2021-02-13,3,1,0,1.375
144,2021-02-12,4,5,2,0.727
145,2021-02-11,4,12,1,0.971
146,2021-02-10,7,4,4,0.567
147,2021-02-09,11,12,6,0.672
148,2021-02-08,40,16,4,1.167
149,2021-02-07,2,3,0,1.2
150,2021-02-06,1,4,1,0.667
151,2021-02-05,5,5,1,1.0
152,2021-02-04,4,3,1,0.938
153,2021-02-03,6,2,4,0.417
154,2021-02-02,6,8,13,-0.093
155,2021-02-01,7,2,2,0.864
156,2021-01-31,3,3,0,1.25
157,2021-01-30,5,1,0,1.417
158,2021-01-29,4,5,1,0.95
159,2021-01-28,11,21,9,0.585
160,2021-01-27,22,18,11,0.676
161,2021-01-26,10,7,1,1.139
162,2021-01-25,11,6,4,0.786
163,2021-01-24,2,7,2,0.636
164,2021-01-23,1,0,2,-0.5
165,2021-01-22,5,6,2,0.808
166,2021-01-21,2,1,10,-0.846
167,2021-01-20,10,3,7,0.375
168,2021-01-19,11,5,1,1.176
169,2021-01-18,7,1,0,1.438
170,2021-01-17,1,1,1,0.333
171,2021-01-16,1,0,2,-0.5
172,2021-01-15,11,6,4,0.786
173,2021-01-14,2,4,4,0.1
174,2021-01-13,7,3,9,0.0
175,2021-01-12,9,3,2,0.964
176,2021-01-11,8,3,6,0.353
177,2021-01-10,2,2,2,0.333
178,2021-01-09,3,1,0,1.375
179,2021-01-08,22,6,4,1.031
180,2021-01-07,18,2,0,1.45
181,2021-01-06,8,4,3,0.767
182,2021-01-05,7,1,5,0.308
183,2021-01-04,34,7,2,1.279
184,2021-01-03,3,1,0,1.375
185,2021-01-02,10,3,1,1.179
186,2021-01-01,4,0,0,1.5
187,2020-12-31,10,6,0,1.313
188,2020-12-30,11,2,1,1.214
189,2020-12-29,10,6,0,1.313
190,2020-12-28,8,3,0,1.364
191,2020-12-27,1,2,2,0.1
192,2020-12-26,1,1,1,0.333
193,2020-12-25,1,1,0,1.25
194,2020-12-24,5,2,0,1.357
195,2020-12-23,5,2,6,0.038
196,2020-12-22,9,3,6,0.417
197,2020-12-21,14,17,19,0.19
198,2020-12-20,5,3,0,1.313
199,2020-12-19,2,1,1,0.625
200,2020-12-18,22,6,6,0.882
201,2020-12-17,10,1,1,1.208
202,2020-12-16,3,3,0,1.25
203,2020-12-15,6,3,2,0.818
204,2020-12-14,10,4,5,0.605
205,2020-12-13,0,1,3,-0.875
206,2020-12-12,1,2,3,-0.167
207,2020-12-11,3,7,6,0.156
208,2020-12-10,6,6,4,0.563
209,2020-12-09,9,1,10,-0.025
210,2020-12-08,17,17,8,0.726
211,2020-12-07,12,5,0,1.353
212,2020-12-06,2,0,0,1.5
213,2020-12-05,4,4,0,1.25
214,2020-12-04,6,5,1,1.042
215,2020-12-03,16,7,2,1.12
216,2020-12-02,4,5,2,0.727
217,2020-12-01,15,10,3,1.0
218,2020-11-30,16,3,2,1.143
219,2020-11-29,2,5,0,1.143
220,2020-11-27,6,2,5,0.269
221,2020-11-26,4,0,1,0.9
222,2020-11-25,8,4,11,-0.022
223,2020-11-24,21,2,2,1.22
224,2020-11-23,12,0,0,1.5
225,2020-11-22,2,0,0,1.5
226,2020-11-21,2,0,1,0.5
227,2020-11-20,8,5,0,1.308
228,2020-11-19,14,5,9,0.446
229,2020-11-18,12,5,2,1.053
230,2020-11-17,39,7,1,1.362
231,2020-11-16,18,2,2,1.182
232,2020-11-15,1,0,0,1.5
233,2020-11-14,1,0,0,1.5
234,2020-11-13,3,4,0,1.214
235,2020-11-12,2,2,1,0.7
236,2020-11-11,4,3,0,1.286
237,2020-11-10,2,4,5,-0.045
238,2020-11-09,4,2,1,0.929
239,2020-11-08,0,1,0,1.0
240,2020-11-07,1,2,0,1.167
241,2020-11-06,4,4,1,0.944
242,2020-11-05,3,2,1,0.833
243,2020-11-04,2,1,0,1.333
244,2020-11-03,2,6,0,1.125
245,2020-11-02,5,3,1,1.0
246,2020-10-31,1,1,1,0.333
247,2020-10-30,5,0,1,1.0
248,2020-10-29,6,3,0,1.333
249,2020-10-28,3,4,0,1.214
250,2020-10-27,3,2,0,1.3
251,2020-10-26,10,7,0,1.294
252,2020-10-25,3,1,0,1.375
253,2020-10-24,3,1,0,1.375
254,2020-10-23,5,9,6,0.375
255,2020-10-22,31,8,2,1.256
256,2020-10-21,22,10,1,1.258
257,2020-10-20,11,8,5,0.708
258,2020-10-19,11,2,3,0.875
259,2020-10-18,1,3,0,1.125
260,2020-10-17,2,1,0,1.333
261,2020-10-16,3,6,1,0.9
262,2020-10-15,5,5,2,0.792
263,2020-10-14,9,7,0,1.281
264,2020-10-13,5,5,0,1.25
265,2020-10-12,2,2,1,0.7
266,2020-10-11,0,2,0,1.0
267,2020-10-10,1,1,0,1.25
268,2020-10-09,6,0,1,1.071
269,2020-10-08,8,7,0,1.267
270,2020-10-07,6,5,2,0.846
271,2020-10-06,8,6,3,0.794
272,2020-10-05,10,0,1,1.227
273,2020-10-04,1,0,1,0.0
274,2020-10-03,2,1,1,0.625
275,2020-10-02,21,4,5,0.933
276,2020-10-01,10,7,4,0.762
277,2020-09-30,6,2,0,1.375
278,2020-09-29,4,3,0,1.286
279,2020-09-28,13,6,1,1.2
280,2020-09-27,1,0,0,1.5
281,2020-09-26,1,2,0,1.167
282,2020-09-25,7,3,2,0.875
283,2020-09-24,10,3,5,0.583
284,2020-09-23,10,20,24,-0.019
285,2020-09-22,20,23,9,0.76
286,2020-09-21,11,15,1,1.111
287,2020-09-20,2,2,1,0.7
288,2020-09-18,11,2,0,1.423
289,2020-09-17,2,2,4,-0.125
290,2020-09-16,3,7,0,1.15
291,2020-09-15,7,5,1,1.077
292,2020-09-14,3,4,0,1.214
293,2020-09-13,0,1,3,-0.875
294,2020-09-12,2,1,0,1.333
295,2020-09-11,14,10,2,1.077
296,2020-09-10,9,9,4,0.75
297,2020-09-09,8,5,5,0.528
298,2020-09-08,4,10,30,-0.659
299,2020-09-07,0,1,1,-0.25
300,2020-09-06,1,3,1,0.6
301,2020-09-05,1,0,0,1.5
302,2020-09-04,2,6,11,-0.395
303,2020-09-03,5,6,9,0.0
304,2020-09-02,5,8,11,-0.042
305,2020-09-01,19,9,5,0.909
306,2020-08-31,19,18,1,1.184
307,2020-08-30,0,1,1,-0.25
308,2020-08-29,1,1,1,0.333
309,2020-08-28,6,7,2,0.867
310,2020-08-27,7,3,5,0.4
311,2020-08-26,10,4,1,1.167
312,2020-08-25,4,5,0,1.222
313,2020-08-24,10,7,2,1.0
314,2020-08-23,3,0,0,1.5
315,2020-08-22,1,1,0,1.25
316,2020-08-21,14,3,1,1.25
317,2020-08-20,16,3,1,1.275
318,2020-08-19,4,1,1,0.917
319,2020-08-18,7,5,1,1.077
320,2020-08-17,14,2,2,1.111
321,2020-08-16,0,1,0,1.0
322,2020-08-15,3,0,0,1.5
323,2020-08-14,7,6,0,1.269
324,2020-08-13,5,3,1,1.0
325,2020-08-12,20,12,2,1.147
326,2020-08-11,8,5,2,0.933
327,2020-08-10,3,4,0,1.214
328,2020-08-09,1,0,0,1.5
329,2020-08-08,0,1,0,1.0
330,2020-08-07,1,1,1,0.333
331,2020-08-06,1,1,0,1.25
332,2020-08-05,2,0,1,0.5
333,2020-08-04,2,0,1,0.5
334,2020-08-03,1,1,1,0.333
335,2020-08-02,0,0,1,-1.5
336,2020-08-01,1,1,0,1.25
337,2020-07-31,3,2,2,0.5
338,2020-07-30,3,3,0,1.25
339,2020-07-29,6,6,1,1.038
340,2020-07-28,1,3,8,-0.625
341,2020-07-27,5,2,1,1.0
342,2020-07-26,2,1,0,1.333
343,2020-07-25,2,2,0,1.25
344,2020-07-24,8,4,4,0.625
345,2020-07-23,22,10,11,0.616
346,2020-07-22,34,22,3,1.161
347,2020-07-21,5,11,5,0.524
348,2020-07-20,4,4,3,0.5
349,2020-07-19,0,2,1,0.167
350,2020-07-18,0,1,0,1.0
351,2020-07-17,5,2,1,1.0
352,2020-07-16,3,3,7,-0.231
353,2020-07-15,6,8,3,0.735
354,2020-07-14,18,9,10,0.568
355,2020-07-13,17,14,3,1.029
356,2020-07-12,1,3,0,1.125
357,2020-07-11,0,2,0,1.0
358,2020-07-10,8,8,1,1.088
359,2020-07-09,12,13,2,1.037
360,2020-07-08,9,4,2,0.967
361,2020-07-07,18,2,1,1.31
362,2020-07-06,15,7,0,1.341
363,2020-07-05,4,0,0,1.5
364,2020-07-04,0,2,0,1.0
365,2020-07-03,8,1,1,1.15
366,2020-07-02,34,5,4,1.163
367,2020-07-01,15,8,1,1.208
368,2020-06-30,15,4,0,1.395
369,2020-06-29,8,7,1,1.094
370,2020-06-28,0,2,0,1.0
371,2020-06-27,0,1,0,1.0
372,2020-06-26,3,3,0,1.25
373,2020-06-25,7,4,7,0.222
374,2020-06-24,1,1,17,-1.211
375,2020-06-23,2,8,5,0.233
376,2020-06-22,3,9,0,1.125
377,2020-06-21,1,1,1,0.333
378,2020-06-19,5,13,1,1.0
379,2020-06-18,7,6,2,0.9
380,2020-06-17,5,6,4,0.5
381,2020-06-16,9,7,1,1.118
382,2020-06-15,13,4,0,1.382
383,2020-06-14,3,0,0,1.5
384,2020-06-13,0,2,0,1.0
385,2020-06-12,3,5,7,-0.067
386,2020-06-11,13,0,0,1.5
387,2020-06-10,23,6,0,1.397
388,2020-06-09,6,4,3,0.654
389,2020-06-08,8,2,0,1.4
390,2020-06-05,4,4,1,0.944
391,2020-06-04,4,9,1,0.964
392,2020-06-03,2,1,2,0.2
393,2020-06-02,2,4,2,0.5
394,2020-06-01,3,2,0,1.3
395,2020-05-30,1,2,0,1.167
396,2020-05-29,4,5,0,1.222
397,2020-05-28,4,6,0,1.2
398,2020-05-27,5,7,3,0.667
399,2020-05-26,1,1,1,0.333
400,2020-05-23,0,1,0,1.0
401,2020-05-22,2,0,2,0.0
402,2020-05-21,3,6,2,0.682
403,2020-05-20,4,7,0,1.182
404,2020-05-19,1,5,2,0.438
405,2020-05-18,5,4,0,1.278
406,2020-05-17,1,0,0,1.5
407,2020-05-16,0,0,1,-1.5
408,2020-05-15,6,5,0,1.273
409,2020-05-14,8,3,5,0.469
410,2020-05-13,20,12,5,0.932
411,2020-05-12,12,18,6,0.75
412,2020-05-11,4,20,19,-0.058
413,2020-05-10,2,1,2,0.2
414,2020-05-09,2,5,11,-0.472
415,2020-05-08,8,5,6,0.421
416,2020-05-07,0,2,6,-0.875
417,2020-05-06,2,8,0,1.1
418,2020-05-05,4,3,2,0.667
419,2020-05-04,6,1,2,0.778
420,2020-05-03,3,0,0,1.5
421,2020-05-02,1,1,2,-0.125
422,2020-05-01,8,5,20,-0.394
423,2020-04-30,7,10,3,0.8
424,2020-04-29,23,20,5,0.979
425,2020-04-28,5,5,2,0.792
426,2020-04-27,6,6,4,0.563
427,2020-04-26,0,5,2,0.286
428,2020-04-25,1,2,0,1.167
429,2020-04-24,1,4,3,0.125
430,2020-04-23,3,3,2,0.563
431,2020-04-22,2,2,1,0.7
432,2020-04-21,3,0,0,1.5
433,2020-04-20,2,4,1,0.786
434,2020-04-19,0,1,0,1.0
435,2020-04-17,3,2,0,1.3
436,2020-04-16,2,2,2,0.333
437,2020-04-15,10,6,5,0.643
438,2020-04-14,9,6,2,0.971
439,2020-04-13,3,1,1,0.8
440,2020-04-10,6,2,2,0.8
441,2020-04-09,5,2,1,1.0
442,2020-04-08,1,3,10,-0.75
443,2020-04-07,3,1,3,0.143
444,2020-04-06,7,9,2,0.917
445,2020-04-05,1,3,0,1.125
446,2020-04-04,1,2,0,1.167
447,2020-04-03,6,6,3,0.7
448,2020-04-02,13,3,5,0.714
449,2020-04-01,1,5,1,0.714
450,2020-03-31,4,3,4,0.273
451,2020-03-30,1,3,4,-0.188
452,2020-03-27,0,3,7,-0.75
453,2020-03-26,3,9,0,1.125
454,2020-03-25,3,3,2,0.563
455,2020-03-24,5,5,4,0.464
456,2020-03-23,2,3,0,1.2
457,2020-03-22,1,4,0,1.1
458,2020-03-21,1,1,1,0.333
459,2020-03-20,0,7,3,0.25
460,2020-03-19,7,21,6,0.662
461,2020-03-18,3,16,8,0.315
462,2020-03-17,0,14,5,0.342
463,2020-03-16,2,4,5,-0.045
464,2020-03-14,0,0,1,-1.5
465,2020-03-13,2,3,3,0.188
466,2020-03-12,1,2,5,-0.5
467,2020-03-11,5,1,2,0.688
468,2020-03-10,17,4,3,1.042
469,2020-03-09,3,1,6,-0.35
470,2020-03-07,0,0,1,-1.5
471,2020-03-06,6,3,1,1.05
472,2020-03-05,1,0,4,-0.9
473,2020-03-04,3,1,2,0.417
474,2020-03-03,6,2,1,1.056
475,2020-03-02,3,1,3,0.143
476,2020-03-01,0,1,0,1.0
477,2020-02-29,0,1,0,1.0
478,2020-02-28,3,2,3,0.25
479,2020-02-27,3,1,6,-0.35
480,2020-02-26,1,0,9,-1.2
481,2020-02-25,1,5,13,-0.684
482,2020-02-24,0,0,3,-1.5
483,2020-02-23,2,0,0,1.5
484,2020-02-22,1,1,0,1.25
485,2020-02-21,9,4,1,1.143
486,2020-02-20,14,3,1,1.25
487,2020-02-19,18,7,3,1.054
488,2020-02-18,17,8,3,1.036
489,2020-02-17,0,1,2,-0.667
490,2020-02-16,1,2,1,0.5
491,2020-02-15,0,4,0,1.0
492,2020-02-14,7,11,5,0.609
493,2020-02-13,17,17,14,0.448
494,2020-02-12,3,2,7,-0.333
495,2020-02-11,2,6,4,0.25
496,2020-02-10,16,5,2,1.13
497,2020-02-09,1,2,1,0.5
498,2020-02-08,4,6,1,0.955
499,2020-02-07,7,11,3,0.81
500,2020-02-06,5,8,11,-0.042
501,2020-02-05,20,8,28,-0.071
502,2020-02-04,57,10,9,1.079
503,2020-02-03,21,5,3,1.103
504,2020-02-02,2,0,0,1.5
505,2020-02-01,1,2,0,1.167
506,2020-01-31,8,2,0,1.4
507,2020-01-30,32,3,3,1.224
508,2020-01-29,30,9,2,1.244
509,2020-01-28,7,4,1,1.083
510,2020-01-27,6,1,2,0.778
511,2020-01-26,1,2,1,0.5
512,2020-01-25,3,1,0,1.375
513,2020-01-24,5,7,6,0.306
514,2020-01-23,9,2,1,1.167
515,2020-01-22,26,7,1,1.309
516,2020-01-21,14,7,3,0.979
517,2020-01-20,4,4,0,1.25
518,2020-01-19,3,0,0,1.5
519,2020-01-18,1,0,1,0.0
520,2020-01-17,7,4,6,0.324
521,2020-01-16,5,4,8,-0.029
522,2020-01-15,3,4,1,0.875
523,2020-01-14,16,5,2,1.13
524,2020-01-13,24,11,1,1.264
525,2020-01-12,0,1,0,1.0
526,2020-01-11,1,0,0,1.5
527,2020-01-10,5,4,3,0.583
528,2020-01-09,7,4,2,0.885
529,2020-01-08,12,3,2,1.059
530,2020-01-07,29,11,1,1.293
531,2020-01-06,8,3,0,1.364
532,2020-01-05,2,1,0,1.333
533,2020-01-04,3,1,0,1.375
534,2020-01-03,13,16,1,1.133
535,2020-01-02,14,3,0,1.412
536,2020-01-01,0,1,2,-0.667
537,2019-12-31,0,1,2,-0.667
538,2019-12-30,9,10,7,0.5
539,2019-12-29,1,1,0,1.25
540,2019-12-28,1,0,0,1.5
541,2019-12-27,18,6,0,1.375
542,2019-12-26,9,3,2,0.964
543,2019-12-24,2,2,1,0.7
544,2019-12-23,14,2,1,1.265
545,2019-12-22,2,0,0,1.5
546,2019-12-21,2,2,0,1.25
547,2019-12-20,8,5,0,1.308
548,2019-12-19,11,4,1,1.188
549,2019-12-18,11,2,7,0.4
550,2019-12-17,2,2,3,0.071
551,2019-12-16,4,3,3,0.45
552,2019-12-15,0,1,0,1.0
553,2019-12-14,2,0,0,1.5
554,2019-12-13,1,1,2,-0.125
555,2019-12-12,3,1,2,0.417
556,2019-12-11,4,6,0,1.2
557,2019-12-10,4,1,0,1.4
558,2019-12-09,4,6,3,0.577
559,2019-12-06,6,3,2,0.818
560,2019-12-05,1,1,3,-0.4
561,2019-12-04,2,4,1,0.786
562,2019-12-03,6,7,7,0.275
563,2019-12-02,1,2,1,0.5
564,2019-11-30,0,5,0,1.0
565,2019-11-29,2,3,1,0.75
566,2019-11-28,1,3,0,1.125
567,2019-11-27,5,4,1,1.0
568,2019-11-26,6,8,2,0.875
569,2019-11-25,15,6,1,1.227
570,2019-11-23,5,2,1,1.0
571,2019-11-22,19,19,21,0.271
572,2019-11-21,4,10,2,0.813
573,2019-11-20,6,4,2,0.833
574,2019-11-19,4,1,0,1.4
575,2019-11-18,1,0,3,-0.75
576,2019-11-16,0,1,0,1.0
577,2019-11-15,3,1,0,1.375
578,2019-11-14,8,2,2,0.917
579,2019-11-13,12,6,2,1.05
580,2019-11-12,9,3,3,0.8
581,2019-11-11,5,1,3,0.444
582,2019-11-09,1,0,0,1.5
583,2019-11-08,6,4,0,1.3
584,2019-11-07,3,1,1,0.8
585,2019-11-06,6,2,1,1.056
586,2019-11-05,8,0,1,1.167
587,2019-11-04,0,0,3,-1.5
588,2019-11-03,0,1,0,1.0
589,2019-11-01,4,1,1,0.917
590,2019-10-31,5,1,1,1.0
591,2019-10-30,4,4,0,1.25
592,2019-10-29,1,2,5,-0.5
593,2019-10-28,7,2,1,1.1
594,2019-10-27,3,0,0,1.5
595,2019-10-26,2,0,0,1.5
596,2019-10-25,12,6,1,1.184
597,2019-10-24,23,15,4,1.036
598,2019-10-23,27,11,3,1.146
599,2019-10-22,6,5,1,1.042
600,2019-10-21,2,2,1,0.7
601,2019-10-20,0,2,1,0.167
602,2019-10-18,4,3,1,0.938
603,2019-10-17,7,2,0,1.389
604,2019-10-16,1,1,1,0.333
605,2019-10-15,2,0,3,-0.3
606,2019-10-14,3,0,1,0.75
607,2019-10-13,0,1,0,1.0
608,2019-10-12,1,0,0,1.5
609,2019-10-11,4,2,0,1.333
610,2019-10-10,1,3,0,1.125
611,2019-10-09,2,6,2,0.6
612,2019-10-08,1,0,0,1.5
613,2019-10-07,4,2,1,0.929
614,2019-10-06,0,1,1,-0.25
615,2019-10-04,5,6,7,0.167
616,2019-10-03,5,3,11,-0.316
617,2019-10-02,9,6,12,0.056
618,2019-10-01,5,3,1,1.0
619,2019-09-30,1,0,1,0.0
620,2019-09-28,1,1,1,0.333
621,2019-09-27,4,5,3,0.542
622,2019-09-26,9,5,2,0.969
623,2019-09-25,0,4,0,1.0
624,2019-09-24,4,2,3,0.389
625,2019-09-23,1,2,1,0.5
626,2019-09-21,2,1,0,1.333
627,2019-09-20,0,0,3,-1.5
628,2019-09-19,6,2,1,1.056
629,2019-09-18,2,3,1,0.75
630,2019-09-17,0,1,0,1.0
631,2019-09-16,2,2,1,0.7
632,2019-09-14,1,0,0,1.5
633,2019-09-13,4,2,0,1.333
634,2019-09-12,1,3,0,1.125
635,2019-09-11,3,1,0,1.375
636,2019-09-10,2,0,1,0.5
637,2019-09-09,1,3,2,0.25
638,2019-09-06,0,2,1,0.167
639,2019-09-05,1,1,0,1.25
640,2019-09-04,4,4,4,0.333
641,2019-09-03,1,3,4,-0.188
642,2019-08-31,0,1,0,1.0
643,2019-08-30,12,6,2,1.05
644,2019-08-29,2,2,1,0.7
645,2019-08-28,8,6,0,1.286
646,2019-08-27,0,3,1,0.375
647,2019-08-26,0,2,4,-0.667
648,2019-08-25,0,2,1,0.167
649,2019-08-24,0,0,1,-1.5
650,2019-08-23,2,4,8,-0.357
651,2019-08-22,8,7,3,0.806
652,2019-08-21,0,1,12,-1.308
653,2019-08-20,3,6,9,-0.167
654,2019-08-19,1,0,1,0.0
655,2019-08-18,1,0,0,1.5
656,2019-08-16,1,0,2,-0.5
657,2019-08-15,1,0,2,-0.5
658,2019-08-14,0,1,2,-0.667
659,2019-08-13,1,0,1,0.0
660,2019-08-12,1,0,1,0.0
661,2019-08-11,1,0,2,-0.5
662,2019-08-09,1,0,0,1.5
663,2019-08-08,0,0,3,-1.5
664,2019-08-07,0,5,4,-0.111
665,2019-08-06,2,1,0,1.333
666,2019-08-05,3,2,0,1.3
667,2019-08-03,1,1,0,1.25
668,2019-08-02,0,1,1,-0.25
669,2019-08-01,0,4,0,1.0
670,2019-07-31,0,1,0,1.0
671,2019-07-30,1,1,1,0.333
672,2019-07-29,3,5,0,1.188
673,2019-07-28,0,2,0,1.0
674,2019-07-27,0,3,1,0.375
675,2019-07-26,2,5,6,-0.077
676,2019-07-25,4,5,27,-0.819
677,2019-07-24,7,15,15,0.081
678,2019-07-23,3,4,2,0.611
679,2019-07-22,1,6,1,0.75
680,2019-07-21,0,1,0,1.0
681,2019-07-20,0,0,1,-1.5
682,2019-07-19,2,1,0,1.333
683,2019-07-18,1,1,0,1.25
684,2019-07-17,1,3,1,0.6
685,2019-07-16,3,7,2,0.708
686,2019-07-15,1,2,2,0.1
687,2019-07-14,1,0,0,1.5
688,2019-07-12,2,2,1,0.7
689,2019-07-11,0,4,2,0.167
690,2019-07-10,11,0,1,1.25
691,2019-07-09,3,3,4,0.15
692,2019-07-08,3,1,1,0.8
693,2019-07-06,2,1,0,1.333
694,2019-07-05,1,3,3,0.0
695,2019-07-04,4,1,0,1.4
696,2019-07-03,25,2,5,1.0
697,2019-07-02,26,1,5,1.016
698,2019-07-01,4,2,3,0.389
699,2019-06-29,0,0,1,-1.5
700,2019-06-28,6,4,4,0.5
701,2019-06-27,4,2,1,0.929
702,2019-06-26,4,4,3,0.5
703,2019-06-25,4,1,1,0.917
704,2019-06-24,5,0,2,0.643
705,2019-06-23,2,0,0,1.5
706,2019-06-22,0,2,1,0.167
707,2019-06-21,1,1,3,-0.4
708,2019-06-20,2,2,7,-0.5
709,2019-06-19,2,1,3,-0.083
710,2019-06-18,5,3,2,0.75
711,2019-06-17,3,4,1,0.875
712,2019-06-16,3,1,1,0.8
713,2019-06-15,1,0,0,1.5
714,2019-06-14,3,0,2,0.3
715,2019-06-13,4,3,4,0.273
716,2019-06-12,9,6,3,0.833
717,2019-06-11,13,8,1,1.182
718,2019-06-10,2,3,3,0.188
719,2019-06-09,0,0,1,-1.5
720,2019-06-08,1,2,1,0.5
721,2019-06-07,1,2,2,0.1
722,2019-06-06,9,0,0,1.5
723,2019-06-05,2,1,2,0.2
724,2019-06-04,5,4,1,1.0
725,2019-06-03,3,5,5,0.154
726,2019-06-02,0,0,1,-1.5
727,2019-05-31,1,1,4,-0.583
728,2019-05-30,1,4,3,0.125
729,2019-05-29,2,10,9,-0.024
730,2019-05-28,3,4,2,0.611
731,2019-05-27,0,1,2,-0.667
732,2019-05-26,0,0,2,-1.5
733,2019-05-25,1,0,0,1.5
734,2019-05-24,4,4,4,0.333
735,2019-05-23,6,5,17,-0.411
736,2019-05-22,2,7,12,-0.381
737,2019-05-21,5,5,21,-0.613
738,2019-05-20,3,4,11,-0.444
739,2019-05-19,0,1,0,1.0
740,2019-05-17,1,3,8,-0.625
741,2019-05-16,0,2,4,-0.667
742,2019-05-15,0,4,4,-0.25
743,2019-05-14,0,1,0,1.0
744,2019-05-13,0,0,3,-1.5
745,2019-05-11,0,1,0,1.0
746,2019-05-10,1,2,3,-0.167
747,2019-05-09,0,1,2,-0.667
748,2019-05-08,2,1,0,1.333
749,2019-05-07,4,2,2,0.625
750,2019-05-06,2,2,5,-0.278
751,2019-05-05,0,0,1,-1.5
752,2019-05-04,1,1,1,0.333
753,2019-05-03,10,7,1,1.139
754,2019-05-02,17,8,2,1.13
755,2019-05-01,2,2,2,0.333
756,2019-04-30,1,1,3,-0.4
757,2019-04-29,5,2,1,1.0
758,2019-04-28,0,1,2,-0.667
759,2019-04-26,4,4,4,0.333
760,2019-04-25,5,6,13,-0.25
761,2019-04-24,6,8,14,-0.143
762,2019-04-23,7,9,4,0.675
763,2019-04-22,5,11,10,0.135
764,2019-04-21,0,0,1,-1.5
765,2019-04-19,1,1,1,0.333
766,2019-04-18,1,3,1,0.6
767,2019-04-17,2,1,2,0.2
768,2019-04-16,2,2,1,0.7
769,2019-04-15,0,1,3,-0.875
770,2019-04-14,0,0,1,-1.5
771,2019-04-13,2,0,0,1.5
772,2019-04-12,1,0,2,-0.5
773,2019-04-11,0,2,10,-1.083
774,2019-04-10,6,1,1,1.063
775,2019-04-09,0,0,5,-1.5
776,2019-04-08,0,0,6,-1.5
777,2019-04-07,1,0,1,0.0
778,2019-04-06,1,0,2,-0.5
779,2019-04-05,3,6,5,0.214
780,2019-04-04,4,17,31,-0.452
781,2019-04-03,5,3,2,0.75
782,2019-04-02,1,2,6,-0.611
783,2019-04-01,2,2,3,0.071
